Workbook

Sheet Dashboard
A1: TRACKER DE PROGRESO · BRANDON & ITZEL
A2: Actualiza los datos en las hojas individuales. Este resumen se calcula automáticamente.
A4: BRANDON | H4: ITZEL
A5: Peso inicio | B5: Peso actual | C5: Meta | D5: Bajado | E5: Falta | F5: Progreso | H5: Peso inicio | I5: Peso actual | J5: Meta | K5: Bajado | L5: Falta | M5: Progreso
A6: 124.15 | B6: {=IFERROR(INDEX(Brandon!B:B,MATCH(9.99E+307,Brandon!B:B)),Brandon!B4)} -> 124.15 | C6: 85 | D6: =IFERROR(A6-B6,"") -> 0 | E6: =IFERROR(B6-C6,"") -> 39.15 | F6: =IFERROR(IF(A6-C6<>0,(A6-B6)/(A6-C6),0),0) -> 0 | H6: 117.5 | I6: {=IFERROR(INDEX(Itzel!B:B,MATCH(9.99E+307,Itzel!B:B)),Itzel!B4)} -> 117.5 | J6: 70 | K6: =IFERROR(H6-I6,"") -> 0 | L6: =IFERROR(I6-J6,"") -> 47.5 | M6: =IFERROR(IF(H6-J6<>0,(H6-I6)/(H6-J6),0),0) -> 0
A7: IMC actual → | B7: =IFERROR(Brandon!B4/(1.83^2),"") -> 37.071874 | H7: IMC actual → | I7: =IFERROR(Itzel!B4/(1.8^2),"") -> 36.265432
A9: ÚLTIMAS 5 ENTRADAS — BRANDON | H9: ÚLTIMAS 5 ENTRADAS — ITZEL
A10: Fecha | B10: Peso | C10: IMC | D10: Grasa % | E10: Músculo % | F10: Viscer./Edad | H10: Fecha | I10: Peso | J10: IMC | K10: Grasa % | L10: Músculo % | M10: Notas
A11: {=IFERROR(INDEX(Brandon!A:A,COUNTA(Brandon!B:B)-4),"")} | B11: {=IFERROR(INDEX(Brandon!B:B,COUNTA(Brandon!B:B)-4),"")} | C11: {=IFERROR(INDEX(Brandon!C:C,COUNTA(Brandon!B:B)-4),"")} | D11: {=IFERROR(INDEX(Brandon!D:D,COUNTA(Brandon!B:B)-4),"")} | E11: {=IFERROR(INDEX(Brandon!E:E,COUNTA(Brandon!B:B)-4),"")} | F11: {=IFERROR(INDEX(Brandon!F:F,COUNTA(Brandon!B:B)-4),"")} | H11: {=IFERROR(INDEX(Itzel!A:A,COUNTA(Itzel!B:B)-4),"")} | I11: {=IFERROR(INDEX(Itzel!B:B,COUNTA(Itzel!B:B)-4),"")} | J11: {=IFERROR(INDEX(Itzel!C:C,COUNTA(Itzel!B:B)-4),"")} | K11: {=IFERROR(INDEX(Itzel!D:D,COUNTA(Itzel!B:B)-4),"")} | L11: {=IFERROR(INDEX(Itzel!E:E,COUNTA(Itzel!B:B)-4),"")} | M11: {=IFERROR(INDEX(Itzel!K:K,COUNTA(Itzel!B:B)-4),"")}
A12: {=IFERROR(INDEX(Brandon!A:A,COUNTA(Brandon!B:B)-3),"")} | B12: {=IFERROR(INDEX(Brandon!B:B,COUNTA(Brandon!B:B)-3),"")} | C12: {=IFERROR(INDEX(Brandon!C:C,COUNTA(Brandon!B:B)-3),"")} | D12: {=IFERROR(INDEX(Brandon!D:D,COUNTA(Brandon!B:B)-3),"")} | E12: {=IFERROR(INDEX(Brandon!E:E,COUNTA(Brandon!B:B)-3),"")} | F12: {=IFERROR(INDEX(Brandon!F:F,COUNTA(Brandon!B:B)-3),"")} | H12: {=IFERROR(INDEX(Itzel!A:A,COUNTA(Itzel!B:B)-3),"")} | I12: {=IFERROR(INDEX(Itzel!B:B,COUNTA(Itzel!B:B)-3),"")} | J12: {=IFERROR(INDEX(Itzel!C:C,COUNTA(Itzel!B:B)-3),"")} | K12: {=IFERROR(INDEX(Itzel!D:D,COUNTA(Itzel!B:B)-3),"")} | L12: {=IFERROR(INDEX(Itzel!E:E,COUNTA(Itzel!B:B)-3),"")} | M12: {=IFERROR(INDEX(Itzel!K:K,COUNTA(Itzel!B:B)-3),"")}
A13: {=IFERROR(INDEX(Brandon!A:A,COUNTA(Brandon!B:B)-2),"")} -> #REF! | B13: {=IFERROR(INDEX(Brandon!B:B,COUNTA(Brandon!B:B)-2),"")} -> #REF! | C13: {=IFERROR(INDEX(Brandon!C:C,COUNTA(Brandon!B:B)-2),"")} -> #REF! | D13: {=IFERROR(INDEX(Brandon!D:D,COUNTA(Brandon!B:B)-2),"")} -> #REF! | E13: {=IFERROR(INDEX(Brandon!E:E,COUNTA(Brandon!B:B)-2),"")} -> #REF! | F13: {=IFERROR(INDEX(Brandon!F:F,COUNTA(Brandon!B:B)-2),"")} -> #REF! | H13: {=IFERROR(INDEX(Itzel!A:A,COUNTA(Itzel!B:B)-2),"")} -> #REF! | I13: {=IFERROR(INDEX(Itzel!B:B,COUNTA(Itzel!B:B)-2),"")} -> #REF! | J13: {=IFERROR(INDEX(Itzel!C:C,COUNTA(Itzel!B:B)-2),"")} -> #REF! | K13: {=IFERROR(INDEX(Itzel!D:D,COUNTA(Itzel!B:B)-2),"")} -> #REF! | L13: {=IFERROR(INDEX(Itzel!E:E,COUNTA(Itzel!B:B)-2),"")} -> #REF! | M13: {=IFERROR(INDEX(Itzel!K:K,COUNTA(Itzel!B:B)-2),"")} -> #REF!
A14: {=IFERROR(INDEX(Brandon!A:A,COUNTA(Brandon!B:B)-1),"")} -> REGISTRO DE MEDICIONES — BRANDON | B14: {=IFERROR(INDEX(Brandon!B:B,COUNTA(Brandon!B:B)-1),"")} | C14: {=IFERROR(INDEX(Brandon!C:C,COUNTA(Brandon!B:B)-1),"")} | D14: {=IFERROR(INDEX(Brandon!D:D,COUNTA(Brandon!B:B)-1),"")} | E14: {=IFERROR(INDEX(Brandon!E:E,COUNTA(Brandon!B:B)-1),"")} | F14: {=IFERROR(INDEX(Brandon!F:F,COUNTA(Brandon!B:B)-1),"")} | H14: {=IFERROR(INDEX(Itzel!A:A,COUNTA(Itzel!B:B)-1),"")} -> REGISTRO DE MEDICIONES — ITZEL | I14: {=IFERROR(INDEX(Itzel!B:B,COUNTA(Itzel!B:B)-1),"")} | J14: {=IFERROR(INDEX(Itzel!C:C,COUNTA(Itzel!B:B)-1),"")} | K14: {=IFERROR(INDEX(Itzel!D:D,COUNTA(Itzel!B:B)-1),"")} | L14: {=IFERROR(INDEX(Itzel!E:E,COUNTA(Itzel!B:B)-1),"")} | M14: {=IFERROR(INDEX(Itzel!K:K,COUNTA(Itzel!B:B)-1),"")}
A15: {=IFERROR(INDEX(Brandon!A:A,COUNTA(Brandon!B:B)-0),"")} -> Altura: 183 cm | Edad: 29 años | Peso inicial: 124.15 kg | Meta: 85.0 kg | Por bajar: 39.15 kg | B15: {=IFERROR(INDEX(Brandon!B:B,COUNTA(Brandon!B:B)-0),"")} | C15: {=IFERROR(INDEX(Brandon!C:C,COUNTA(Brandon!B:B)-0),"")} | D15: {=IFERROR(INDEX(Brandon!D:D,COUNTA(Brandon!B:B)-0),"")} | E15: {=IFERROR(INDEX(Brandon!E:E,COUNTA(Brandon!B:B)-0),"")} | F15: {=IFERROR(INDEX(Brandon!F:F,COUNTA(Brandon!B:B)-0),"")} | H15: {=IFERROR(INDEX(Itzel!A:A,COUNTA(Itzel!B:B)-0),"")} -> Altura: 180 cm | Edad: 27 años | Peso inicial: 117.5 kg | Meta: 70.0 kg | Por bajar: 47.5 kg | I15: {=IFERROR(INDEX(Itzel!B:B,COUNTA(Itzel!B:B)-0),"")} | J15: {=IFERROR(INDEX(Itzel!C:C,COUNTA(Itzel!B:B)-0),"")} | K15: {=IFERROR(INDEX(Itzel!D:D,COUNTA(Itzel!B:B)-0),"")} | L15: {=IFERROR(INDEX(Itzel!E:E,COUNTA(Itzel!B:B)-0),"")} | M15: {=IFERROR(INDEX(Itzel!K:K,COUNTA(Itzel!B:B)-0),"")}

Sheet Brandon
A1: REGISTRO DE MEDICIONES — BRANDON
A2: Altura: 183 cm | Edad: 29 años | Peso inicial: 124.15 kg | Meta: 85.0 kg | Por bajar: 39.15 kg
A3: Fecha | B3: Peso (kg) | C3: IMC (auto) | D3: Grasa corp. % | E3: Músculo % | F3: Grasa viscer. | G3: Edad corp. | H3: Agua % | I3: Cambio (kg) | J3: Vs inicio (kg) | K3: Notas
A4: 45899 | B4: 124.15 | C4: =IFERROR(B4/(1.83^2),"") -> 37.071874 | D4: 36.8 | E4: 67.2 | F4: 18 | G4: 38 | H4: 46.3 | I4: 0 | J4: 0 | K4: Medición inicial (báscula AI Link)
C5: =IFERROR(IF(B5<>"",B5/(1.83^2),""),"") | I5: =IFERROR(IF(B5<>"",B5-B4,""),"") | J5: =IFERROR(IF(B5<>"",B5-$B$4,""),"")
C6: =IFERROR(IF(B6<>"",B6/(1.83^2),""),"") | I6: =IFERROR(IF(B6<>"",B6-B5,""),"") | J6: =IFERROR(IF(B6<>"",B6-$B$4,""),"")
C7: =IFERROR(IF(B7<>"",B7/(1.83^2),""),"") | I7: =IFERROR(IF(B7<>"",B7-B6,""),"") | J7: =IFERROR(IF(B7<>"",B7-$B$4,""),"")
C8: =IFERROR(IF(B8<>"",B8/(1.83^2),""),"") | I8: =IFERROR(IF(B8<>"",B8-B7,""),"") | J8: =IFERROR(IF(B8<>"",B8-$B$4,""),"")
C9: =IFERROR(IF(B9<>"",B9/(1.83^2),""),"") | I9: =IFERROR(IF(B9<>"",B9-B8,""),"") | J9: =IFERROR(IF(B9<>"",B9-$B$4,""),"")
C10: =IFERROR(IF(B10<>"",B10/(1.83^2),""),"") | I10: =IFERROR(IF(B10<>"",B10-B9,""),"") | J10: =IFERROR(IF(B10<>"",B10-$B$4,""),"")
C11: =IFERROR(IF(B11<>"",B11/(1.83^2),""),"") | I11: =IFERROR(IF(B11<>"",B11-B10,""),"") | J11: =IFERROR(IF(B11<>"",B11-$B$4,""),"")
C12: =IFERROR(IF(B12<>"",B12/(1.83^2),""),"") | I12: =IFERROR(IF(B12<>"",B12-B11,""),"") | J12: =IFERROR(IF(B12<>"",B12-$B$4,""),"")
C13: =IFERROR(IF(B13<>"",B13/(1.83^2),""),"") | I13: =IFERROR(IF(B13<>"",B13-B12,""),"") | J13: =IFERROR(IF(B13<>"",B13-$B$4,""),"")
C14: =IFERROR(IF(B14<>"",B14/(1.83^2),""),"") | I14: =IFERROR(IF(B14<>"",B14-B13,""),"") | J14: =IFERROR(IF(B14<>"",B14-$B$4,""),"")
C15: =IFERROR(IF(B15<>"",B15/(1.83^2),""),"") | I15: =IFERROR(IF(B15<>"",B15-B14,""),"") | J15: =IFERROR(IF(B15<>"",B15-$B$4,""),"")
C16: =IFERROR(IF(B16<>"",B16/(1.83^2),""),"") | I16: =IFERROR(IF(B16<>"",B16-B15,""),"") | J16: =IFERROR(IF(B16<>"",B16-$B$4,""),"")
... C55: =IFERROR(IF(B55<>"",B55/(1.83^2),""),"") | I55: =IFERROR(IF(B55<>"",B55-B54,""),"") | J55: =IFERROR(IF(B55<>"",B55-$B$4,""),"")

Sheet Itzel
A1: REGISTRO DE MEDICIONES — ITZEL
A2: Altura: 180 cm | Edad: 27 años | Peso inicial: 117.5 kg | Meta: 70.0 kg | Por bajar: 47.5 kg
A3: Fecha | B3: Peso (kg) | C3: IMC (auto) | D3: Grasa corp. % | E3: Músculo % | F3: Masa ósea (kg) | G3: Control peso | H3: Agua % | I3: Cambio (kg) | J3: Vs inicio (kg) | K3: Notas
A4: 2026-04-08 | B4: 117.5 | C4: =IFERROR(B4/(1.8^2),"") -> 36.265432 | G4: 52.7 | I4: 0 | J4: 0 | K4: Medición inicial (báscula AI Link) · IMC 37.1
C5: =IFERROR(IF(B5<>"",B5/(1.8^2),""),"") | I5: =IFERROR(IF(B5<>"",B5-B4,""),"") | J5: =IFERROR(IF(B5<>"",B5-$B$4,""),"")
C6: =IFERROR(IF(B6<>"",B6/(1.8^2),""),"") | I6: =IFERROR(IF(B6<>"",B6-B5,""),"") | J6: =IFERROR(IF(B6<>"",B6-$B$4,""),"")
C7: =IFERROR(IF(B7<>"",B7/(1.8^2),""),"") | I7: =IFERROR(IF(B7<>"",B7-B6,""),"") | J7: =IFERROR(IF(B7<>"",B7-$B$4,""),"")
C8: =IFERROR(IF(B8<>"",B8/(1.8^2),""),"") | I8: =IFERROR(IF(B8<>"",B8-B7,""),"") | J8: =IFERROR(IF(B8<>"",B8-$B$4,""),"")
C9: =IFERROR(IF(B9<>"",B9/(1.8^2),""),"") | I9: =IFERROR(IF(B9<>"",B9-B8,""),"") | J9: =IFERROR(IF(B9<>"",B9-$B$4,""),"")
C10: =IFERROR(IF(B10<>"",B10/(1.8^2),""),"") | I10: =IFERROR(IF(B10<>"",B10-B9,""),"") | J10: =IFERROR(IF(B10<>"",B10-$B$4,""),"")
C11: =IFERROR(IF(B11<>"",B11/(1.8^2),""),"") | I11: =IFERROR(IF(B11<>"",B11-B10,""),"") | J11: =IFERROR(IF(B11<>"",B11-$B$4,""),"")
C12: =IFERROR(IF(B12<>"",B12/(1.8^2),""),"") | I12: =IFERROR(IF(B12<>"",B12-B11,""),"") | J12: =IFERROR(IF(B12<>"",B12-$B$4,""),"")
C13: =IFERROR(IF(B13<>"",B13/(1.8^2),""),"") | I13: =IFERROR(IF(B13<>"",B13-B12,""),"") | J13: =IFERROR(IF(B13<>"",B13-$B$4,""),"")
C14: =IFERROR(IF(B14<>"",B14/(1.8^2),""),"") | I14: =IFERROR(IF(B14<>"",B14-B13,""),"") | J14: =IFERROR(IF(B14<>"",B14-$B$4,""),"")
C15: =IFERROR(IF(B15<>"",B15/(1.8^2),""),"") | I15: =IFERROR(IF(B15<>"",B15-B14,""),"") | J15: =IFERROR(IF(B15<>"",B15-$B$4,""),"")
C16: =IFERROR(IF(B16<>"",B16/(1.8^2),""),"") | I16: =IFERROR(IF(B16<>"",B16-B15,""),"") | J16: =IFERROR(IF(B16<>"",B16-$B$4,""),"")
... C55: =IFERROR(IF(B55<>"",B55/(1.8^2),""),"") | I55: =IFERROR(IF(B55<>"",B55-B54,""),"") | J55: =IFERROR(IF(B55<>"",B55-$B$4,""),"")

Sheet Hábitos
A1: BITÁCORA SEMANAL DE HÁBITOS — BRANDON & ITZEL
A2: Escribe 1 si cumpliste el hábito esa semana. Deja vacío si no. Llena cada viernes o domingo. Sin mentirse.
A3: GENERAL | C3: BRANDON | H3: ITZEL | M3: SCORE
A4: Semana | B4: Fecha inicio | C4: Ejercicio (días/7) | D4: Siguió menú (días) | E4: Agua 8 vasos | F4: Sin cerveza | G4: Sin chucherías | H4: Desayunó antes 9am | I4: Sin dulce / papitas | J4: Ejercicio (días/7) | K4: Siguió menú (días) | L4: Agua 8 vasos | M4: Brandon (de 5) | N4: Itzel (de 5)
A5: Sem. 1 | M5: =IFERROR(COUNTIF(C5:G5,1),"") -> 0 | N5: =IFERROR(COUNTIF(H5:L5,1),"") -> 0
A6: Sem. 2 | M6: =IFERROR(COUNTIF(C6:G6,1),"") -> 0 | N6: =IFERROR(COUNTIF(H6:L6,1),"") -> 0
A7: Sem. 3 | M7: =IFERROR(COUNTIF(C7:G7,1),"") -> 0 | N7: =IFERROR(COUNTIF(H7:L7,1),"") -> 0
A8: Sem. 4 | M8: =IFERROR(COUNTIF(C8:G8,1),"") -> 0 | N8: =IFERROR(COUNTIF(H8:L8,1),"") -> 0
A9: Sem. 5 | M9: =IFERROR(COUNTIF(C9:G9,1),"") -> 0 | N9: =IFERROR(COUNTIF(H9:L9,1),"") -> 0
A10: Sem. 6 | M10: =IFERROR(COUNTIF(C10:G10,1),"") -> 0 | N10: =IFERROR(COUNTIF(H10:L10,1),"") -> 0
A11: Sem. 7 | M11: =IFERROR(COUNTIF(C11:G11,1),"") -> 0 | N11: =IFERROR(COUNTIF(H11:L11,1),"") -> 0
A12: Sem. 8 | M12: =IFERROR(COUNTIF(C12:G12,1),"") -> 0 | N12: =IFERROR(COUNTIF(H12:L12,1),"") -> 0
A13: Sem. 9 | M13: =IFERROR(COUNTIF(C13:G13,1),"") -> 0 | N13: =IFERROR(COUNTIF(H13:L13,1),"") -> 0
A14: Sem. 10 | M14: =IFERROR(COUNTIF(C14:G14,1),"") -> 0 | N14: =IFERROR(COUNTIF(H14:L14,1),"") -> 0
A15: Sem. 11 | M15: =IFERROR(COUNTIF(C15:G15,1),"") -> 0 | N15: =IFERROR(COUNTIF(H15:L15,1),"") -> 0
A16: Sem. 12 | M16: =IFERROR(COUNTIF(C16:G16,1),"") -> 0 | N16: =IFERROR(COUNTIF(H16:L16,1),"") -> 0
... A55: Sem. 51 | M55: =IFERROR(COUNTIF(C55:G55,1),"") -> 0 | N55: =IFERROR(COUNTIF(H55:L55,1),"") -> 0

Sheet Instrucciones
A1: GUÍA DE USO
A3: CÓMO SUBIR A GOOGLE SHEETS (2 minutos)
A4: 1. Abre drive.google.com en tu teléfono o computadora
A5: 2. Toca el botón '+' y selecciona 'Subir archivo'
A6: 3. Elige este archivo .xlsx que descargaste de Claude
A7: 4. Google Drive lo convierte automáticamente a Google Sheets
A8: 5. Abre el archivo → Archivo → Compartir → Compartir con personas
A9: 6. Escribe el correo de la otra persona y elige 'Editor'
A10: 7. ¡Listo! Ambos pueden editar en tiempo real desde cualquier dispositivo
A12: CÓMO REGISTRAR CADA SEMANA
A13: ▸ Día de pesaje: LUNES en ayunas, antes de desayunar
A14: ▸ Ve a la hoja 'Brandon' o 'Itzel' según quién se midió
... A36: 3. Google Sheets crea la curva de progreso automáticamente
